Workbook

Sheet Portada
B2: Sistema de Registro de Entrada por Reconocimiento Facial
B3: Dimensionamiento de Equipos e Infraestructura
B5: Cliente: EGE Haina (Empresa Generadora de Electricidad Haina)
B6: Arquitectura: Servidor central + cómputo en el borde (edge) por planta
B7: Modelo facial: preentrenado (InsightFace / ArcFace) consumido vía API
B9: Contenido del libro
B10: 1. Parámetros — todos los supuestos editables (celdas azules)
B11: 2. Localidades — inventario de plantas, empleados y terminales por sitio
B12: 3. Dimensionamiento Edge — cálculo de nodos y hardware por planta
B13: 4. Servidor Central — cálculo de recursos del servidor principal
B14: 5. Almacenamiento y Red — cálculo de disco, ancho de banda y sincronización
B15: 6. Modelo de Datos — entidades del sistema para soportar la escalabilidad
... B23: Nota: La cifra oficial de plantilla de EGE Haina es de 537 colaboradores (fuente: egehaina.com).

Sheet 1. Parametros
B2: Parámetros del Proyecto (editar celdas azules)
B4: A. Demanda de personal
B5: Parámetro | C5: Valor | D5: Unidad | E5: Nota / justificación
B6: Empleados totales EGE Haina | C6: 537 | D6: emp. | E6: Cifra oficial (egehaina.com)
B7: Factor de crecimiento a futuro | C7: 1.3 | D7: x | E7: Margen para nuevas plantas y contrataciones
B8: Marcaciones por empleado por día | C8: 1 | D8: marc./día | E8: Registro de entrada
B9: Duración de la ventana pico de ingreso | C9: 2 | D9: horas | E9: Franja 6:00–8:00 a.m.
B10: % de empleados que marcan en la ventana pico | C10: 0.9 | D10: % | E10: Casi todos entran en el pico
B12: B. Capacidad de cómputo en el borde (edge)
B13: Parámetro | C13: Valor | D13: Unidad | E13: Nota / justificación
B14: Terminales faciales que soporta un nodo edge | C14: 6 | D14: term./nodo | E14: Jetson Orin Nano atiende 3–6 terminales de acceso
B15: Latencia de validación por rostro | C15: 0.6 | D15: seg | E15: Embedding + liveness + match
B16: Validaciones/min que soporta un nodo | C16: 40 | D16: val./min | E16: Muy por encima de la demanda real
B17: Empleados por defecto por planta con 1 nodo | C17: 120 | D17: emp. | E17: Umbral para requerir un 2º nodo
B19: C. Almacenamiento e imágenes
B20: Parámetro | C20: Valor | D20: Unidad | E20: Nota / justificación
B21: Tamaño foto de carnet (referencia) | C21: 0.2 | D21: MB | E21: JPEG ~200 KB
B22: Tamaño de captura de ingreso | C22: 0.15 | D22: MB | E22: JPEG comprimido
B23: Tamaño del embedding facial | C23: 0.002 | D23: MB | E23: Vector 512 float ~2 KB
B24: Días de retención de capturas de ingreso | C24: 90 | D24: días | E24: Política de auditoría
B25: Días laborables por mes | C25: 22 | D25: días | E25: Para cálculo de volumen mensual
B27: D. Red y sincronización
B28: Parámetro | C28: Valor | D28: Unidad | E28: Nota / justificación
B29: Tamaño de un registro de marcación (metadatos) | C29: 0.005 | D29: MB | E29: JSON ~5 KB sin imagen
B30: % de capturas que se suben al central | C30: 1 | D30: % | E30: Todas para auditoría

Sheet 2. Localidades
B2: Inventario de Localidades — Empleados y Terminales por Planta
B3: Editar columnas azules (empleados y terminales). El nº de nodos se calcula automáticamente.
B5: Localidad | C5: Provincia | D5: Tipo | E5: Empleados | F5: Puntos de acceso (terminales) | G5: Conexión | H5: Empleados x crecim. | I5: Nodos requeridos | J5: Tipo de nodo recomendado
B6: Oficinas Centrales SD | C6: Santo Domingo | D6: Oficinas | E6: 180 | F6: 3 | G6: Fibra | H6: =ROUND(E6*'1. Parametros'!$C$7,0) -> 234 | I6: =MAX(ROUNDUP(F6/'1. Parametros'!$C$14,0),ROUNDUP(H6/'1. Parametros'!$C$17,0),1) -> 2 | J6: Mini-PC x86 industrial
B7: SIBA Energy | C7: San Cristóbal | D7: Térmica gas | E7: 55 | F7: 4 | G7: Fibra | H7: =ROUND(E7*'1. Parametros'!$C$7,0) -> 72 | I7: =MAX(ROUNDUP(F7/'1. Parametros'!$C$14,0),ROUNDUP(H7/'1. Parametros'!$C$17,0),1) -> 1 | J7: Mini-PC x86 industrial
B8: Central Haina | C8: San P. de Macorís | D8: Térmica HFO | E8: 45 | F8: 3 | G8: Fibra | H8: =ROUND(E8*'1. Parametros'!$C$7,0) -> 59 | I8: =MAX(ROUNDUP(F8/'1. Parametros'!$C$14,0),ROUNDUP(H8/'1. Parametros'!$C$17,0),1) -> 1 | J8: Mini-PC x86 industrial
B9: Quisqueya 2 | C9: San P. de Macorís | D9: Térmica gas | E9: 50 | F9: 4 | G9: Fibra | H9: =ROUND(E9*'1. Parametros'!$C$7,0) -> 65 | I9: =MAX(ROUNDUP(F9/'1. Parametros'!$C$14,0),ROUNDUP(H9/'1. Parametros'!$C$17,0),1) -> 1 | J9: Mini-PC x86 industrial
B10: Quisqueya Solar | C10: San P. de Macorís | D10: Solar | E10: 6 | F10: 1 | G10: LTE/4G | H10: =ROUND(E10*'1. Parametros'!$C$7,0) -> 8 | I10: =MAX(ROUNDUP(F10/'1. Parametros'!$C$14,0),ROUNDUP(H10/'1. Parametros'!$C$17,0),1) -> 1 | J10: Raspberry Pi 5 + acelerador
B11: Parque Solar Girasol | C11: Yaguate, S.C. | D11: Solar | E11: 14 | F11: 2 | G11: LTE/4G | H11: =ROUND(E11*'1. Parametros'!$C$7,0) -> 18 | I11: =MAX(ROUNDUP(F11/'1. Parametros'!$C$14,0),ROUNDUP(H11/'1. Parametros'!$C$17,0),1) -> 1 | J11: Jetson Orin Nano
B12: Sultana del Este | C12: Barahona | D12: Térmica HFO | E12: 40 | F12: 3 | G12: Fibra | H12: =ROUND(E12*'1. Parametros'!$C$7,0) -> 52 | I12: =MAX(ROUNDUP(F12/'1. Parametros'!$C$14,0),ROUNDUP(H12/'1. Parametros'!$C$17,0),1) -> 1 | J12: Mini-PC x86 industrial
B13: Barahona Carbón | C13: Barahona | D13: Térmica carbón | E13: 30 | F13: 3 | G13: Fibra | H13: =ROUND(E13*'1. Parametros'!$C$7,0) -> 39 | I13: =MAX(ROUNDUP(F13/'1. Parametros'!$C$14,0),ROUNDUP(H13/'1. Parametros'!$C$17,0),1) -> 1 | J13: Mini-PC x86 industrial
B14: Eólico Larimar 1 y 2 | C14: Enriquillo, Barahona | D14: Eólica | E14: 18 | F14: 2 | G14: LTE/4G | H14: =ROUND(E14*'1. Parametros'!$C$7,0) -> 23 | I14: =MAX(ROUNDUP(F14/'1. Parametros'!$C$14,0),ROUNDUP(H14/'1. Parametros'!$C$17,0),1) -> 1 | J14: Jetson Orin Nano
B15: Eólico Los Cocos 1 y 2 | C15: Enriquillo, Barahona | D15: Eólica | E15: 16 | F15: 2 | G15: LTE/4G | H15: =ROUND(E15*'1. Parametros'!$C$7,0) -> 21 | I15: =MAX(ROUNDUP(F15/'1. Parametros'!$C$14,0),ROUNDUP(H15/'1. Parametros'!$C$17,0),1) -> 1 | J15: Jetson Orin Nano
B16: Central Pedernales | C16: Pedernales | D16: Térmica aislada | E16: 10 | F16: 2 | G16: Satelital/Aislado | H16: =ROUND(E16*'1. Parametros'!$C$7,0) -> 13 | I16: =MAX(ROUNDUP(F16/'1. Parametros'!$C$14,0),ROUNDUP(H16/'1. Parametros'!$C$17,0),1) -> 1 | J16: Raspberry Pi 5 + acelerador
B17: Parque Solar Sajoma | C17: San José de las Matas | D17: Solar | E17: 12 | F17: 2 | G17: LTE/4G | H17: =ROUND(E17*'1. Parametros'!$C$7,0) -> 16 | I17: =MAX(ROUNDUP(F17/'1. Parametros'!$C$14,0),ROUNDUP(H17/'1. Parametros'!$C$17,0),1) -> 1 | J17: Jetson Orin Nano
... B20: Parque Solar Tornasol | C20: Nizao, Peravia | D20: Solar | E20: 13 | F20: 2 | G20: LTE/4G | H20: =ROUND(E20*'1. Parametros'!$C$7,0) -> 17 | I20: =MAX(ROUNDUP(F20/'1. Parametros'!$C$14,0),ROUNDUP(H20/'1. Parametros'!$C$17,0),1) -> 1 | J20: Jetson Orin Nano
B21: TOTAL | E21: =SUM(E6:E20) -> 517 | F21: =SUM(F6:F20) -> 38 | H21: =SUM(H6:H20) -> 673 | I21: =SUM(I6:I20) -> 16

Sheet 3. Dimensionamiento Edge
B2: Dimensionamiento del Cómputo en el Borde (Edge)
B4: Verificación de carga vs capacidad
B5: Métrica | C5: Valor | D5: Unidad | E5: Comentario
B6: Empleados totales (con crecimiento) | C6: ='2. Localidades'!H21 -> 673 | D6: emp. | E6: Suma de la hoja Localidades
B7: Marcaciones totales por día | C7: =C6*'1. Parametros'!C8 -> 673 | D7: marc./día | E7: 1 ingreso por empleado
B8: Marcaciones en ventana pico | C8: =C7*'1. Parametros'!C10 -> 605.7 | D8: marc. | E8: % que entra en el pico
B9: Marcaciones por minuto (pico, toda la empresa) | C9: =C8/('1. Parametros'!C9*60) -> 5.0475 | D9: marc./min | E9: Distribuidas en la franja pico
B10: Planta con más empleados (con crecim.) | C10: =MAX('2. Localidades'!H6:H20) -> 234 | D10: emp. | E10: Sitio más cargado
B11: Ingresos/min en la planta más cargada | C11: =C10*'1. Parametros'!C10/('1. Parametros'!C9*60) -> 1.755 | D11: marc./min | E11: Pico local del sitio mayor
B12: Capacidad de un nodo | C12: ='1. Parametros'!C16 -> 40 | D12: val./min | E12: Referencia de capacidad
B13: Margen de holgura del nodo mayor | C13: =C12/C11 -> 22.792023 | D13: x | E13: Capacidad / demanda pico local
B15: Resultado de nodos y cámaras
B16: Métrica | C16: Valor | D16: Unidad | E16: Comentario
B17: Total de terminales (puntos de acceso) | C17: ='2. Localidades'!F21 -> 38 | D17: terminales | E17: Suma de la hoja Localidades
B18: Total de nodos edge requeridos | C18: ='2. Localidades'!I21 -> 16 | D18: nodos | E18: Suma calculada por planta
B19: Total de localidades | C19: =COUNTA('2. Localidades'!B6:B20) -> 15 | D19: sitios | E19: Nº de plantas/sitios
B20: Promedio de terminales por nodo | C20: =C17/C18 -> 2.375 | D20: term./nodo | E20: Debe ser <= capacidad por nodo
B21: Promedio de empleados por localidad | C21: =C6/C19 -> 44.866667 | D21: emp./sitio | E21: Reparto medio
B23: Conclusión de dimensionamiento edge
B24: La demanda pico real es de una fracción de validación por minuto por sitio, muy por debajo de la capacidad de un solo nodo. El hardware se elige por robustez, headroom multi-terminal y uniformidad de flota, no por potencia de cómputo. Cada nodo solo carga los embeddings de su propia planta.

Sheet 4. Servidor Central
B2: Dimensionamiento del Servidor Central (Principal)
B3: El servidor central NO ejecuta reconocimiento facial en vivo. Administra el padrón (CRUD), genera embeddings al enrolar, consolida marcaciones y sirve el panel/reportes. Es una app web + BD convencional.
B5: Cálculo de recursos
B6: Recurso | C6: Valor | D6: Unidad | E6: Base de cálculo
B7: Empleados a administrar (con crecim.) | C7: ='2. Localidades'!H21 -> 673 | D7: emp. | E7: Padrón total
B8: Nodos que sincronizan contra el central | C8: ='3. Dimensionamiento Edge'!C18 -> 16 | D8: nodos | E8: Conexiones concurrentes de sync
B9: vCPU recomendados | C9: =IF(C7<2000,IF(C8<30,4,8),8) -> 4 | D9: vCPU | E9: 4 base; 8 si crece la flota o el padrón
B10: RAM recomendada | C10: =IF(C7<2000,16,32) -> 16 | D10: GB | E10: BD + app + servicio de sync
B11: Disco base del sistema | C11: =60 -> 60 | D11: GB | E11: SO + aplicación + BD motor
B12: Disco de datos (ver hoja Almacenamiento) | C12: ='5. Almacenamiento y Red'!C15 -> 48 | D12: GB | E12: Imágenes + BD + logs con retención
B13: Disco total con margen 100% | C13: =(C11+C12)*2 -> 216 | D13: GB | E13: Duplicado por margen y crecimiento
B14: GPU requerida | C14: ="No" -> No | D14: - | E14: Matching corre en el borde, no aquí
B15: Alta disponibilidad recomendada | C15: =IF(C8>20,"Sí (réplica BD)","Respaldo diario") -> Respaldo diario | D15: - | E15: Fuente de verdad del sistema
B17: Especificación final del servidor central
B18: Componente | C18: Especificación | D18: Tipo | E18: Justificación
B19: CPU | C19: =C9 & " vCPU" -> 4 vCPU | D19: Cómputo | E19: Carga administrativa, no de IA en vivo
B20: Memoria | C20: =C10 & " GB RAM" -> 16 GB RAM | D20: Memoria | E20: PostgreSQL + backend + sync
B21: Almacenamiento | C21: =C13 & " GB SSD" -> 216 GB SSD | D21: Disco | E21: Con retención de 90 días y margen
B22: GPU | C22: =C14 -> No | D22: Aceleración | E22: No necesaria en el central
B23: Red | C23: ="Enlace fijo + VPN / IP pública" -> Enlace fijo + VPN / IP pública | D23: Red | E23: Recibe sync de todos los nodos
B24: Base de datos | C24: ="PostgreSQL" -> PostgreSQL | D24: Software | E24: Padrón, embeddings, marcaciones
B25: Almacén de objetos | C25: ="MinIO / S3" -> MinIO / S3 | D25: Software | E25: Fotos de carnet y capturas
B26: Alta disponibilidad | C26: =C15 -> Respaldo diario | D26: Resiliencia | E26: Respaldo automatizado de BD

Sheet 5. Almacenamiento y Red
B2: Cálculo de Almacenamiento, Red y Sincronización
B4: Almacenamiento central
B5: Concepto | C5: Valor | D5: Unidad | E5: Fórmula / base
B6: Empleados (con crecimiento) | C6: ='2. Localidades'!H21 -> 673 | D6: emp. | E6: Padrón
B7: Fotos de carnet (referencia) | C7: =C6*'1. Parametros'!C21 -> 134.6 | D7: MB | E7: Empleados x tamaño foto
B8: Embeddings de referencia | C8: =C6*'1. Parametros'!C23 -> 1.346 | D8: MB | E8: Empleados x tamaño embedding
B9: Marcaciones por mes | C9: =C6*'1. Parametros'!C8*'1. Parametros'!C25 -> 14806 | D9: marc./mes | E9: Emp x marc/día x días laborables
B10: Capturas de ingreso retenidas | C10: =C9*('1. Parametros'!C24/'1. Parametros'!C25)*'1. Parametros'!C22*'1. Parametros'!C30 -> 9085.5 | D10: MB | E10: Marc/mes x meses retención x tamaño
B11: Metadatos de marcaciones (retención) | C11: =C9*('1. Parametros'!C24/'1. Parametros'!C25)*'1. Parametros'!C29 -> 302.85 | D11: MB | E11: Registros JSON en BD
B12: Subtotal datos | C12: =SUM(C7:C11) -> 24330.296 | D12: MB | E12: Suma de imágenes + datos
B13: Subtotal datos | C13: =C12/1024 -> 23.760055 | D13: GB | E13: Conversión a GB
B14: Margen de crecimiento (x2) | C14: =C13*2 -> 47.520109 | D14: GB | E14: Duplicado por seguridad
B15: Disco de datos recomendado | C15: =ROUNDUP(MAX(C14,20),0) -> 48 | D15: GB | E15: Mínimo 20 GB
B17: Red y sincronización (por sitio remoto)
B18: Concepto | C18: Valor | D18: Unidad | E18: Fórmula / base
B19: Empleados por localidad media | C19: ='3. Dimensionamiento Edge'!C21 -> 44.866667 | D19: emp./sitio | E19: Promedio
B20: Datos de sync diarios por sitio (metadatos) | C20: =C19*'1. Parametros'!C29 -> 0.22433333 | D20: MB/día | E20: Marcaciones del día
B21: Datos de sync diarios por sitio (con capturas) | C21: =C19*('1. Parametros'!C22+'1. Parametros'!C29)*'1. Parametros'!C30 -> 6.9543333 | D21: MB/día | E21: Capturas + metadatos
B22: Ancho de banda requerido (sync no crítica) | C22: =C21/3600 -> 0.0019317593 | D22: MB/s aprox | E22: Distribuido en el día; muy bajo
B23: Conclusión de red | C23: ="Un enlace LTE/4G basta; satelital solo en Pedernales" -> Un enlace LTE/4G basta; satelital solo en Pedernales | D23: - | E23: La sync no es sensible a latencia
B25: Nota clave: la sincronización es diferida y tolerante a fallos. Si el enlace cae, el nodo edge sigue
B26: operando offline (validación local + cola) y sincroniza al restablecerse la conexión.

Sheet 6. Modelo de Datos
B2: Modelo de Datos del Sistema (soporte a la escalabilidad)
B4: Empleado | C4: Campo | D4: Tipo | E4: Descripción
C5: id | D5: PK
C6: cedula | D6: texto | E6: Identificación
C7: nombre | D7: texto
C8: cargo | D8: texto
C9: localidad_id | D9: FK -> Localidad | E9: Planta asignada
C10: foto_carnet | D10: ruta/blob | E10: Imagen de referencia
C11: embedding_ref | D11: vector 512 | E11: Generado al enrolar
C12: estado | D12: enum | E12: activo/inactivo
B14: Localidad | C14: Campo | D14: Tipo | E14: Descripción
C15: id | D15: PK
C16: nombre | D16: texto
C17: provincia | D17: texto
C18: tipo | D18: enum | E18: térmica/solar/eólica/oficina
C19: modo_conexion | D19: enum | E19: fibra/LTE/satelital/aislado
B21: Nodo | C21: Campo | D21: Tipo | E21: Descripción
C22: id | D22: PK
C23: localidad_id | D23: FK -> Localidad
C24: tipo_hardware | D24: enum | E24: Jetson/Mini-PC/RPi
C25: estado | D25: enum | E25: online/offline
C26: ultima_sync | D26: datetime | E26: Control de sincronización
B28: Terminal | C28: Campo | D28: Tipo | E28: Descripción
C29: id | D29: PK
C30: nodo_id | D30: FK -> Nodo
C31: punto_acceso | D31: texto | E31: Portón, torniquete, sala, etc.
C32: ip | D32: texto
C33: estado | D33: enum | E33: activa/inactiva
B35: Marcacion | C35: Campo | D35: Tipo | E35: Descripción
C36: id | D36: PK
C37: empleado_id | D37: FK -> Empleado
C38: terminal_id | D38: FK -> Terminal | E38: Por cuál acceso entró
C39: timestamp | D39: datetime
C40: similitud | D40: decimal | E40: Score del match
C41: resultado | D41: enum | E41: aceptado/rechazado
C42: sincronizada | D42: bool | E42: Estado de sync al central
B44: Estrategia de ramas GitHub: main (producción) · dev (integración) · test (QA / validación)
